{"cameraMode":{"drawMode":0,"name":"Shaded","section":"Shading Mode"},"sceneLighting":true,"audioPlay":false,"sceneViewState":{"showFog":true,"showMaterialUpdate":false,"showSkybox":true,"showFlares":true,"showImageEffects":true,"showParticleSystems":true},"in2DMode":false,"pivot":{"x":-0.2900733947753906,"y":-0.16059541702270509,"z":0.42542505264282229},"rotation":{"x":-0.09671314805746079,"y":0.8867003321647644,"z":-0.21587198972702027,"w":-0.39725199341773989},"size":10.0,"orthographic":false}